{"cameraMode":{"drawMode":0,"name":"Shaded","section":"Shading Mode"},"sceneLighting":true,"audioPlay":false,"sceneViewState":{"m_AlwaysRefresh":false,"showFog":true,"showSkybox":true,"showFlares":true,"showImageEffects":true,"showParticleSystems":true,"showVisualEffectGraphs":true,"m_FxEnabled":true},"in2DMode":false,"pivot":{"x":-0.3018770217895508,"y":-0.11222124099731446,"z":0.3931312561035156},"rotation":{"x":-0.09237518906593323,"y":0.8923708200454712,"z":-0.21300339698791505,"w":-0.3870026469230652},"size":8.184100151062012,"orthographic":false}